{
    "precision": [
        0.6666666666666666,
        0.6792452830188679,
        0.6923076923076923,
        0.7058823529411765,
        0.72,
        0.7346938775510204,
        0.75,
        0.7659574468085106,
        0.782608695652174,
        0.8,
        0.8181818181818182,
        0.8372093023255814,
        0.8571428571428571,
        0.8780487804878049,
        0.875,
        0.8974358974358975,
        0.9210526315789473,
        0.9459459459459459,
        0.9722222222222222,
        1.0,
        1.0,
        1.0,
        1.0,
        1.0,
        1.0,
        1.0,
        1.0,
        1.0,
        1.0,
        1.0,
        1.0,
        1.0,
        1.0,
        1.0,
        1.0,
        1.0,
        1.0,
        1.0,
        1.0,
        1.0,
        1.0,
        1.0,
        1.0,
        1.0,
        1.0,
        1.0,
        1.0,
        1.0,
        1.0,
        1.0,
        1.0,
        1.0,
        1.0,
        1.0,
        1.0
    ],
    "recall": [
        1.0,
        1.0,
        1.0,
        1.0,
        1.0,
        1.0,
        1.0,
        1.0,
        1.0,
        1.0,
        1.0,
        1.0,
        1.0,
        1.0,
        0.9722222222222222,
        0.9722222222222222,
        0.9722222222222222,
        0.9722222222222222,
        0.9722222222222222,
        0.9722222222222222,
        0.9444444444444444,
        0.9166666666666666,
        0.8888888888888888,
        0.8611111111111112,
        0.8333333333333334,
        0.8055555555555556,
        0.7777777777777778,
        0.75,
        0.7222222222222222,
        0.6944444444444444,
        0.6666666666666666,
        0.6388888888888888,
        0.6111111111111112,
        0.5833333333333334,
        0.5555555555555556,
        0.5277777777777778,
        0.5,
        0.4722222222222222,
        0.4444444444444444,
        0.4166666666666667,
        0.3888888888888889,
        0.3611111111111111,
        0.3333333333333333,
        0.3055555555555556,
        0.2777777777777778,
        0.25,
        0.2222222222222222,
        0.19444444444444445,
        0.16666666666666666,
        0.1388888888888889,
        0.1111111111111111,
        0.08333333333333333,
        0.05555555555555555,
        0.027777777777777776,
        0.0
    ],
    "threshold": 0.01625131443142891,
    "max": 31.466527938842773,
    "min": -16.270967483520508
}